{"biases":[[[-15.781869672483865],[-3.265186172985857],[4.941115773203243]],[[2.2459106782989813]]],"weights":[[[10.4594393453014,10.459349176194394],[7.770517542306035,7.770548421903743],[-11.077651694560291,-11.078179648881616]],[[-9.03542794242921,2.365157940431491,-7.172309233792374]]]}