{"biases":[[[5.466178010428518],[15.196783233402927],[4.071850139444356]],[[-2.4791717779409774]]],"weights":[[[-10.817145209462598,-12.048907358741932],[-10.95790478829102,-9.462658597315015],[-6.501105903038036,7.0748813477801855]],[[-8.599269275564389,8.483596606883486,-1.8879785017558253]]]}