{"biases":[[[-5.964961354071941],[5.886969362817302],[-1.0913535077838767]],[[4.149916614491708]]],"weights":[[[11.61984348924369,-12.013584001945553],[12.09102574752624,-11.690436093025657],[1.283267426276348,-0.5590489254990778]],[[8.775802887179232,-8.610049305551474,0.16852462063964782]]]}