{"biases":[[[12.642983353500593],[6.39252153445362],[-5.817902176307553]],[[-5.023187625472849]]],"weights":[[[-11.31370456859622,-6.741817482795245],[-8.507202940992784,9.25060717927578],[8.876013787550379,12.555037513764827]],[[7.99870059026322,-7.0912801832779015,7.993677856585011]]]}