{"biases":[[[3.739537588369407],[3.2564018732194677],[4.858888671732804]],[[4.401154524418442]]],"weights":[[[-12.388311362628476,-9.05202933157775],[-11.456201086296417,-8.107452066176757],[13.845976566336622,-9.681823555957186]],[[-3.023826967895049,-1.952019818037753,-4.413258822486814]]]}