{"biases":[[[-1.108190560396101],[-4.365386879416178],[5.1428707042391375]],[[0.11876965755183595]]],"weights":[[[7.090197344704917,3.834301889000112],[13.358328334829078,9.726959062922939],[13.714861274320041,-9.771792505003527]],[[-0.2601532822106115,4.7408024593502915,-4.625584691038593]]]}