{"biases":[[[4.960256545281718],[-5.273858520814025],[-5.91354222414116]],[[-0.44231543293700015]]],"weights":[[[-9.388666774562774,9.779552995827016],[10.003287369937242,-10.366794107121011],[-11.96083472114505,11.639261435393523]],[[-4.155482036950685,5.292910865349306,9.006046907410779]]]}