{"biases":[[[-5.453225350844585],[-1.963867669359346],[5.3870463953608985]],[[2.987451666333039]]],"weights":[[[-12.206344362843174,11.137041865422916],[6.007339407844132,5.897438314760507],[-11.122173220748888,12.221791976956064]],[[8.614096084407034,1.3889478344859376,-8.514182954669455]]]}