{"biases":[[[-15.145213728898455],[-5.53697806303448],[4.248639682196669]],[[-2.498538102701829]]],"weights":[[[10.885417333073848,9.393260343492454],[10.831042313467153,12.102879879275669],[-6.770718453754255,7.129676511718272]],[[-8.584561638481615,8.475339788086647,-1.8653488720270204]]]}